<?xml version="1.0" encoding="UTF-8"?>
<component xmlns="http://www.opensource-socialnetwork.org/v/3.0">
    <name>Trendz</name>
    <id>Trendz</id>
    <description>Top Topic on the sidebar like twitter</description>
    <author>Saqib saleem</author>
    <author_url>https://coffee-live.com/</author_url>
    <license>GNU General Public License v2</license>
    <license_url>https://www.gnu.de/documents/gpl-2.0.en.html</license_url>
    <version>1.0</version>
	<requires>
		<type>ossn_version</type>
		<version>6.0</version>
	</requires>
</component>
